categoria,nome,preco_brl,descricao_curta,slug_paytour,match
Serviços,Passeio privativo de Recife para Porto de Galinhas com jangada para as piscinas naturais incluso,"550,00","Passeio inesquecível e imperdível quando estiver em Recife. Em veículo privativo com saída de Boa Viagem, Pina ou Piedade (horário a definifir pois depende da tabua de marés do dia) com destino a Pra...",passeio-privativo-de-recife-para-porto-de-galinhas,0.54
Serviços,Passeio privativo de Recife para Praia dos Carneiros,"620,00","Passeio inesquecível e bucket list quando estiver em Recife. Em veículo privativo com saída de Boa Viagem, Pina ou Piedade às 07:45 com destino a Praia dos Carneiros, com duração de 1,5 horas aproxim...",passeio-privativo-de-recife-para-praia-dos-carneiros,1.0
Transfer,Transfer Privativo Aeroporto de Recife para Porto de Galinhas / Muro Alto ( ida e volta ),"340,00","Receptivo no Aeroporto de Recife, veículo privativo, motorista, pedágio e kit de boas vindas inclusos. Nossa equipe estará aguardando e monitando o seu voo com chegada em Recife e ficará aguarando em...",transfer-privativo-aeroporto-de-recife-para-porto-de-galinhas-muro-alto-ida-e-volta-,1.0
Serviços,City Tour Olinda com Catamarã em Recife,"540,00","Um passeio ímperdível quando estiver em Pernambuco. Inclui: Veículo privativo, motorista, guia local e ingresso do Catamarã Não inclui: Alimentação, bebidas e demais ingressos Roteiro: Saída do se...",city-tour-olinda-com-catamara-em-recife,1.0
Transfer,Transfer Privativo Aeroporto de Recife para Porto de Galinhas / Muro Alto ( ida ou volta ),"180,00","Receptivo no Aeroporto de Recife, veículo privativo, motorista, pedágio e kit de boas vindas inclusos. Nossa equipe estará aguardando e monitando o seu voo com chegada em Recife e ficará aguarando em...",transfer-privativo-aeroporto-de-recife-para-porto-de-galinhas-muro-alto-ida-ou-volta-,1.0
Serviços,Oficina Francisco Brennand e Instituto Ricardo Brennand com transfers ida e volta,"460,00","Imperdível para quem está visitando Recife. Saída de hoteís em Boa Viagem, Piedade e Pina com destino a Oficina Francisco Brennand , em veículo privativo às 10:00, parada de aproximadamente 2 horas n...",oficina-francisco-brennand-e-instituto-ricardo-brennand-com-transfers-ida-e-volta,1.0
Transfer,Transfer Privativo Aeroporto de Recife para Praia dos Carneiros ( ida ou volta ),"320,00","Receptivo no Aeroporto de Recife, veículo privativo, motorista, pedágio e kit de boas vindas inclusos. Nossa equipe estará aguardando e monitando o seu voo com chegada em Recife e ficará aguarando em...",transfer-privativo-aeroporto-de-recife-para-praia-dos-carneiros-ida-ou-volta-,1.0
Serviços,City Tour Olinda e Instituto Ricardo Brennand,"540,00","Um passeio ímperdível quando estiver em Pernambuco. Inclui: Veículo privativo, motorista, guia e ingresso do Instituto Ricardo Brennand Não inclui: Alimentação, bebidas e demais ingressos Roteiro: ...",city-tour-olinda-e-instituto-ricardo-brennand,1.0
Serviços,Passeio de Catamarã em Fernando de Noronha,"550,00","Roteiro: Sai da Praia do Porto pela manhã acompanhando toda a rota dos golfinhos pelo mar de dentro, tendo como primeiro roteiro uma passagem para conhecer as outras ilhas do arquipélago e o famos...",passeio-de-catamara-em-fernando-de-noronha,1.0
Serviços,Aluguel de veículo para noivas ( Casamentos em Recife e Olinda ),"600,00",Motorista Agua veículo privativo,aluguel-de-veiculo-para-noivas-casamentos-em-recife-e-olinda-,1.0
Serviços,Passeio de Catamarã em Recife com transfers privativo,"300,00","Passeio maravilhoso pelas águas do rio Capibaribe, percorrendo as três Ilhas do Centro de Recife (Santo Antônio, Recife Antigo e Boa Vista) passando por baixo da Ponte do Limeiro, Ponte Princesa...",passeio-de-catamara-em-recife-com-transfers-privativo,1.0
Transfer,Transfer Privativo Aeroporto de Recife para Maragogi ( ida e volta ),"700,00","Receptivo no Aeroporto de Recife, veículo privativo, motorista, pedágio e kit de boas vindas inclusos. Nossa equipe estará aguardando e monitando o seu voo com chegada em Recife e ficará aguarando em...",transfer-privativo-aeroporto-de-recife-para-maragogi-ida-e-volta-,1.0
Transfer,Transfer Privativo de Boa Viagem ou Piedade para Porto de Galinhas ( ida ou volta ),"180,00","Veículo privativo, motorista e pedágio inclusos. Nossa equipe estará aguardando em frente ao endereço em Boa Viagem, PIna ou Piedade, 5 minutos antes do horário solicitado para embarque das bagagens ...",transfer-privativo-de-boa-viagem-ou-piedade-para-porto-de-galinhas-ida-ou-volta-,1.0
Serviços,Transfer Privativo Aeroporto de Recife para Serrambi ( ida ou volta ),"250,00","Receptivo no Aeroporto de Recife, veículo privativo, motorista, pedágio e kit de boas vindas inclusos. Nossa equipe estará aguardando e monitando o seu voo com chegada em Recife e ficará aguarando em...",transfer-privativo-aeroporto-de-recife-para-serrambi-ida-ou-volta-,1.0
Transfer,Transfer Privativo Aeroporto de Recife para Recife ( ida ou volta ),"80,00","Receptivo no Aeroporto de Recife, veículo privativo, motorista, pedágio e kit de boas vindas inclusos. Nossa equipe estará aguardando e monitando o seu voo com chegada em Recife e ficará aguarando em...",transfer-privativo-aeroporto-de-recife-para-recife-ida-ou-volta-,1.0
Serviços,Mergulho com cilindro em Recife ( Batismo ),"1.020,00","*BATISMO* Para quem não tem experiência com mergulho ou nunca fez um curso, podemos fazer um Mergulho de Batismo. Ele acontece da seguinte forma: no dia escolhido, nós iremos buscar no endereço solic...",mergulho-com-cilindro-em-recife-batismo-,1.0
Transfer,Transfer Privativo Aeroporto de Recife para Olinda ( ida ou volta ),"120,00","Receptivo no Aeroporto de Recife, veículo privativo, motorista, pedágio e kit de boas vindas inclusos. Nossa equipe estará aguardando e monitando o seu voo com chegada em Recife e ficará aguarando em...",transfer-privativo-aeroporto-de-recife-para-olinda-ida-ou-volta-,1.0
Transfer,"Transfer privativo de Recife para Suape ( Refinaria, Estalereiro ou Porto )","170,00","Inclui: veículo privativo, motorista, pedágio. Nossa equipe estará aguardando em frente ao endereço solicitado.Temos 15 minutos de espera. Pontualide, conforto e segurança.",transfer-privativo-de-recife-para-suape-refinaria-estalereiro-ou-porto-,1.0
Transfer,Transfer Privativo Aeroporto de Recife para Maragogi ( ida ou volta ),"360,00","Receptivo no Aeroporto de Recife, veículo privativo, motorista, pedágio e kit de boas vindas inclusos. Nossa equipe estará aguardando e monitando o seu voo com chegada em Recife e ficará aguarando em...",transfer-privativo-aeroporto-de-recife-para-maragogi-ida-ou-volta-,1.0
Transfer,Transfer Privativo Aeroporto de Recife ou Boa Viagem para Itamaracá ( ida ou volta ),"200,00","Receptivo no Aeroporto de Recife, veículo privativo, motorista, pedágio e kit de boas vindas inclusos. Nossa equipe estará aguardando e monitando o seu voo com chegada em Recife e ficará aguarando em...",transfer-privativo-aeroporto-de-recife-ou-boa-viagem-para-itamaraca-ida-ou-volta-,1.0
Serviços,City Tour Recife e Olinda,"450,00","Com certeza esse é o passeio que todo turista deve fazer quando visitar Recife. Inclui: Veículo privativo, motorista e guia local. Não inclui: Alimentação, bebidas e ingressos Roteiro: Saída do se...",city-tour-recife-e-olinda,1.0
Transfer,Transfer Privativo de Olinda para Maragogi ( ida ou volta ),"500,00","Veículo privativo e motorista inclusos. Nossa equipe estará aguardando em frente ao endereço em Olinda, 5 minutos antes do horário solicitado para embarque das bagagens e seguir viagem até endereço e...",transfer-privativo-de-olinda-para-maragogi-ida-ou-volta-,1.0
Transfer,Transfer Privativo Aeroporto de Recife para Praia dos Carneiros ( ida e volta ),"600,00","Receptivo no Aeroporto de Recife, veículo privativo, motorista, pedágio e kit de boas vindas inclusos. Nossa equipe estará aguardando e monitando o seu voo com chegada em Recife e ficará aguarando em...",transfer-privativo-aeroporto-de-recife-para-praia-dos-carneiros-ida-e-volta-,1.0
Serviços,Passeio privativo de Recife para 4 praias de Cabo de Santo Agostinho,"450,00","Passeio inesquecível e imperdível quando estiver em Recife. Em veículo privativo com saída de Boa Viagem, Pina ou Piedade (horário a definifir pois depende da tabua de marés do dia) com destino a Pra...",passeio-privativo-de-recife-para-4-praias-de-cabo-de-santo-agostinho,1.0
Serviços,Passeio privativo para as piscinas naturais da Praia do Paiva ( snorkel e/ou surfe ),"400,00","Um passeio ímperdível quando estiver em Pernambuco. Inclui: Veículo privativo, motorista e equipamento de snorkelling e de praia. Não inclui: Alimentação, bebidas e demais ingressos Roteiro: Saída...",passeio-privativo-para-as-piscinas-naturais-da-praia-do-paiva-snorkel-eou-surfe-,0.8
Serviços,Trilha dos Escravos em Maracaípe,"200,00","Passeio Trilha dos Escravos em Maracaípe , um passeio imperdivel para quem está visitando a região. Vamos atravessar o Rio Maracaípe, até a estrada secreta da Trilha do Aratu, fazendo assim uma imersã...",trilha-dos-escravos-em-maracaipe,1.0
Transfer,Transfer Privativo de Porto de Galinhas para Maragogi ( ida ou volta ),"400,00","Veículo privativo e motorista inclusos. Nossa equipe estará aguardando em frente ao endereço em Porto de Galinhas ou Muro Alto, 5 minutos antes do horário solicitado para embarque das bagagens e segu...",transfer-privativo-de-porto-de-galinhas-para-maragogi-ida-ou-volta-,1.0
Transfer,Transfer Privativo Aeroporto de Recife para São Miguel dos Milagres ( ida ou volta ),"550,00","Receptivo no Aeroporto de Recife, veículo privativo, motorista, pedágio e kit de boas vindas inclusos. Nossa equipe estará aguardando e monitando o seu voo com chegada em Recife e ficará aguarando em...",transfer-privativo-aeroporto-de-recife-para-sao-miguel-dos-milagres-ida-ou-volta-,1.0
Transfer,Transfer Privativo Aeroporto de Recife para Natal ( ida ou volta ),"800,00","Receptivo no Aeroporto de Recife, veículo privativo, motorista, pedágio e kit de boas vindas inclusos. Nossa equipe estará aguardando e monitando o seu voo com chegada em Recife e ficará aguarando em...",transfer-privativo-aeroporto-de-recife-para-natal-ida-ou-volta-,1.0
Serviços,Mergulho com cilindro em Recife ( Credenciados ),"780,00","*- Tarifas de saídas credenciadas 2023* SAÍDA DE MERGULHO DUPLO DIURNO (para credenciados) Ele acontece da seguinte forma: no dia escolhido, nós iremos buscar no endereço solicitado em Recife às 06:...",mergulho-com-cilindro-em-recife-credenciados-,1.0
Transfer,Transfer Privativo Aeroporto de Recife para João Pessoa e Cabedelo ( ida ou volta ),"380,00","Receptivo no Aeroporto de Recife, veículo privativo, motorista, pedágio e kit de boas vindas inclusos. Nossa equipe estará aguardando e monitando o seu voo com chegada em Recife e ficará aguarando em...",transfer-privativo-aeroporto-de-recife-para-joao-pessoa-e-cabedelo-ida-ou-volta-,1.0
Transfer,Transfer Privativo Aeroporto de Fernando de Noronha para Pousadas na Ilha (ida ou volta),"200,00","Receptivo no Aeroporto de Fernando de Noronha, veículo privativo, motorista e kit de boas vindas inclusos. Nossa equipe estará aguardando e monitando o seu voo com chegada em Noronha e ficará a...",transfer-privativo-aeroporto-de-fernando-de-noronha-para-pousadas-na-ilha-ida-ou-volta-,1.0
Serviços,Trilha dos Escravos em Maracaípe com saída de Recife,"700,00","Passeio Trilha dos Escravos em Maracaípe , um passeio imperdivel para quem está visitando a região. Vamos atravessar o Rio Maracaípe, até a estrada secreta da Trilha do Aratu, fazendo assim uma imersã...",trilha-dos-escravos-em-maracaipe-com-saida-de-recife,1.0
Serviços,Passeio privativo para Maragogi ( caminho de Moisés ) com saída de Recife,"550,00","Com saída de Hoteís em Boa Viagem , Piedade ou Pina em veículo privativo com destino a Praia de Barra Grande em Maragogi. Em frente ao caminho de Moisés aonde utilizarão a infra estrutura do restauran...",passeio-privativo-para-maragogi-caminho-de-moises-com-saida-de-recife,1.0
Transfer,Transfer privativo de Recife para Caruaru ida e volta ( São João 2024 ),"550,00",veiculo privativo com motorista,transfer-privativo-de-recife-para-caruaru-ida-e-volta-sao-joao-2023-,0.85
Serviços,City Tour Recife com Catamarã,"520,00",ingresso catamara,city-tour-recife-com-catamara,1.0
Transfer,Transfer Privativo de Olinda para Porto de Galinhas ( ida ou volta ),"250,00","Veículo privativo e motorista inclusos. Nossa equipe estará aguardando em frente ao endereço em Olinda, 5 minutos antes do horário solicitado para embarque das bagagens e seguir viagem até endereço e...",transfer-privativo-de-olinda-para-porto-de-galinhas-ida-ou-volta-,1.0
Transfer,Transfer Privativo Aeroporto de Recife para Japaratinga ( ida ou volta ),"400,00","Receptivo no Aeroporto de Recife, veículo privativo, motorista, pedágio e kit de boas vindas inclusos. Nossa equipe estará aguardando e monitando o seu voo com chegada em Recife e ficará aguarando em...",transfer-privativo-aeroporto-de-recife-para-japaratinga-ida-ou-volta-,1.0
Transfer,Transfer Privativo de Porto de Galinhas para Praia dos Carneiros ( ida ou volta ),"350,00","Veículo privativo e motorista inclusos. Nossa equipe estará aguardando em frente ao endereço em Porto de Galinhas ou Murto Alto, 5 minutos antes do horário solicitado para embarque das bagagens e seg...",transfer-privativo-de-porto-de-galinhas-para-praia-dos-carneiros-ida-ou-volta-,1.0
Transfer,Transfer Privativo Aeroporto de Recife para Hotéis em Maceió ( ida ou volta ),"800,00","Receptivo no Aeroporto de Recife, veículo privativo, motorista e kit de boas vindas inclusos. Nossa equipe estará aguardando e monitando o seu voo com chegada em Recife e ficará aguarando em frente o...",transfer-privativo-aeroporto-de-recife-para-hoteis-em-maceio-ida-ou-volta-,1.0
Transfer,Transfer Privativo Aeroporto de Recife ou Boa Viagem para Caruaru ( ida ou volta ),"380,00","Receptivo no Aeroporto de Recife, veículo privativo, motorista, pedágio e kit de boas vindas inclusos. Nossa equipe estará aguardando e monitando o seu voo com chegada em Recife e ficará aguarando em...",transfer-privativo-aeroporto-de-recife-ou-boa-viagem-para-caruaru-ida-ou-volta-,1.0
Transfer,Transfer Privativo Aeroporto de Recife para Hotéis no Cabo de Santo Agostinho e Vila Galé Ecoresort ( ida ou volta ),"180,00","Receptivo no Aeroporto de Recife, veículo privativo, motorista, pedágio e kit de boas vindas inclusos. Nossa equipe estará aguardando e monitando o seu voo com chegada em Recife e ficará aguarando em...",transfer-privativo-aeroporto-de-recife-para-hoteis-no-cabo-de-santo-agostinho-ida-ou-volta-,0.78
Transfer,Transfer Privativo Aeroporto de Recife para Praia da Pipa ( ida ou volta ),"750,00","Receptivo no Aeroporto de Recife, veículo privativo, motorista, pedágio e kit de boas vindas inclusos. Nossa equipe estará aguardando e monitando o seu voo com chegada em Recife e ficará aguarando em...",transfer-privativo-aeroporto-de-recife-para-praia-da-pipa-ida-ou-volta-,1.0
Transfer,Transfer Privativo Aeroporto de Recife para Jaboatão dos Guararapes ( ida ou volta ),"80,00","Receptivo no Aeroporto de Recife, veículo privativo, motorista, pedágio e kit de boas vindas inclusos. Nossa equipe estará aguardando e monitando o seu voo com chegada em Recife e ficará aguarando em...",transfer-privativo-aeroporto-de-recife-para-jaboatao-dos-guararapes-ida-ou-volta-,1.0
Transfer,Transfer privativo Aeroporto de São José dos Pinhais para Curitiba,"200,00","Receptivo no Aeroporto de São José dos Pinhais, veículo privativo, motorista e kit de boas vindas inclusos. Nossa equipe estará aguardando e monitando o seu voo com chegada no Aeroporto e ficará agua...",transfer-privativo-aeroporto-de-sao-jose-dos-pinhais-para-curitiba,1.0
Transfer,Transfer Privativo Aeroporto de Recife para Sirinhaem,"300,00","Receptivo no Aeroporto de Recife, veículo privativo, motorista, pedágio e kit de boas vindas inclusos. Nossa equipe estará aguardando e monitando o seu voo com chegada em Recife e ficará aguarando em...",transfer-privativo-aeroporto-de-recife-para-serrambi,0.75
